Company,Revenue,NetIncome,TotalAssets,TotalLiabilities,CurrentAssets,CurrentLiabilities,OperatingCashFlow,CapitalExpenditures,GrossMargin,ProfitMargin,ROA,DebtToEquity,CurrentRatio,QuickRatio,CashRatio,OperatingMargin,InterestCoverage,FinancialHealthScore
TechInnovate Inc,1250.5,87.3,1580.2,695.6,620.8,210.4,156.3,-98.7,0.38,0.07,0.055,0.79,2.95,2.45,1.20,0.11,8.5,8
GreenEnergy Corp,890.2,42.1,1205.7,578.2,415.3,185.1,98.5,-75.2,0.32,0.047,0.035,0.92,2.24,1.85,0.90,0.08,6.2,6
HealthTech Solutions,1680.9,126.4,2150.3,880.7,895.2,320.6,210.7,-145.3,0.42,0.075,0.059,0.69,2.79,2.35,1.15,0.13,9.8,8
GlobalRetail Ltd,3560.2,178.1,4250.8,2380.5,1850.3,780.2,320.5,-210.8,0.28,0.05,0.042,1.27,2.37,1.65,0.80,0.07,5.9,5
IndustrialMachines Co,2340.7,105.3,3120.4,1570.2,1080.6,480.3,245.2,-180.6,0.35,0.045,0.034,1.01,2.25,1.85,0.90,0.08,6.8,6
FinTech Innovations,720.3,64.8,980.5,420.3,410.2,140.7,89.6,-52.4,0.45,0.09,0.066,0.75,2.91,2.55,1.25,0.15,11.2,9
AgroScience Corp,1450.6,72.5,1890.3,850.2,680.4,280.1,135.8,-110.3,0.31,0.05,0.038,0.82,2.43,1.95,0.95,0.09,7.1,7
SmartHome Systems,580.9,29.0,720.6,280.4,290.3,110.2,62.4,-45.8,0.39,0.05,0.040,0.64,2.63,2.20,1.05,0.09,6.5,7
CloudComputing Inc,2780.4,222.4,3650.7,1580.3,1520.5,520.8,385.2,-280.6,0.48,0.08,0.061,0.76,2.92,2.55,1.30,0.14,12.5,9
BioPharm Research,950.8,38.0,1420.6,740.3,480.2,220.5,85.7,-95.2,0.40,0.04,0.027,1.09,2.18,1.75,0.85,0.07,5.4,5
StruggleTech Ltd,320.5,-45.2,580.3,620.1,180.2,250.4,-15.3,-30.1,0.15,-0.141,-0.078,15.50,0.72,0.50,0.10,-0.10,0.5,1
MegaCorp Global,15680.2,2350.6,25480.9,8960.3,9850.4,2580.6,3250.8,-1580.3,0.52,0.15,0.092,0.54,3.82,3.45,2.10,0.22,18.5,10
FalteringRetail Inc,750.3,-28.6,920.4,880.2,310.5,420.3,-5.8,-15.2,0.18,-0.038,-0.031,22.75,0.74,0.55,0.15,0.01,1.2,2
InnovateAI Solutions,480.6,96.1,720.8,180.2,380.4,85.3,110.5,-35.6,0.55,0.20,0.133,0.33,4.46,4.10,2.50,0.28,25.3,10
CrisisCorp,280.1,-120.4,450.2,680.5,130.6,310.2,-80.5,-5.3,0.10,-0.430,-0.267,-2.97,0.42,0.30,0.05,-0.35,0.2,1
StableManufacturing,1850.4,92.5,2680.3,1340.1,980.5,520.3,210.6,-150.4,0.30,0.05,0.035,1.00,1.88,1.50,0.70,0.08,6.8,6
QuantumTech Dynamics,630.8,151.4,980.2,245.1,520.6,110.3,180.2,-75.6,0.58,0.24,0.154,0.33,4.72,4.35,2.80,0.32,30.5,10
EcoFriendly Energy,1250.3,25.0,2350.6,1880.5,580.2,680.4,75.3,-220.5,0.25,0.02,0.011,4.00,0.85,0.65,0.20,0.04,2.8,3
GlobalServices Inc,5680.2,568.0,8450.6,4225.3,3680.4,1840.2,950.5,-480.3,0.35,0.10,0.067,1.00,2.00,1.70,0.85,0.15,10.2,7
NanoMed Solutions,180.5,54.2,350.6,70.1,220.3,35.1,65.4,-15.2,0.62,0.30,0.155,0.25,6.28,5.80,3.50,0.40,35.8,10
AutomationPro Inc,920.7,73.6,1350.4,675.2,520.3,225.1,135.6,-85.4,0.36,0.08,0.055,1.00,2.31,1.95,0.95,0.12,9.2,7
CyberSecurity Tech,410.2,61.5,580.6,174.2,320.4,75.3,85.2,-30.6,0.50,0.15,0.106,0.43,4.25,3.85,2.30,0.22,20.5,9
DeepSea Robotics,150.3,-30.1,280.5,310.2,85.4,140.3,-10.2,-25.4,0.20,-0.200,-0.107,-9.28,0.61,0.45,0.10,-0.15,0.3,2
AerospaceX Corp,3680.5,294.4,5720.8,2860.4,2350.6,980.3,520.7,-420.5,0.38,0.08,0.051,1.00,2.40,2.00,1.00,0.12,11.5,8
MicroElectronics Ltd,760.2,-15.2,980.4,735.3,320.5,380.2,25.4,-65.3,0.25,-0.020,-0.016,3.00,0.84,0.65,0.20,0.02,1.8,3
SustainableFashion Co,520.6,26.0,680.3,340.1,310.2,150.4,65.3,-40.2,0.40,0.05,0.038,1.00,2.06,1.75,0.85,0.09,7.5,6
BigData Analytics,890.4,133.6,1250.7,375.2,680.3,165.4,195.6,-75.3,0.52,0.15,0.107,0.43,4.11,3.75,2.20,0.23,22.5,9
OceanCleanup Tech,80.2,-12.0,150.4,180.5,45.3,85.2,-5.4,-10.2,0.30,-0.150,-0.080,-5.96,0.53,0.40,0.08,-0.10,0.4,2
SpaceExploration Inc,2450.6,220.5,3680.9,1840.4,1680.3,720.5,380.2,-320.6,0.42,0.09,0.060,1.00,2.33,1.95,0.95,0.14,13.5,8
UrbanMobility Solutions,340.2,17.0,480.5,240.2,210.3,105.4,45.6,-30.2,0.35,0.05,0.035,1.00,1.99,1.65,0.80,0.09,6.8,6
NanoTech Materials,120.5,24.1,210.3,63.1,140.2,30.5,35.4,-15.2,0.55,0.20,0.115,0.43,4.60,4.20,2.60,0.30,28.5,9
GeneTherapy Biotech,680.3,-68.0,1250.6,1000.5,420.3,480.2,-25.4,-85.3,0.38,-0.100,-0.054,4.00,0.88,0.70,0.25,-0.06,0.7,3
SmartGrid Systems,1580.4,126.4,2350.7,1175.3,920.5,470.2,235.6,-180.3,0.36,0.08,0.054,1.00,1.96,1.65,0.80,0.12,10.5,7
QuantumComputing Labs,280.6,70.1,450.3,112.6,310.2,50.4,85.3,-25.6,0.60,0.25,0.156,0.33,6.15,5.75,3.40,0.35,32.5,10
CircularEconomy Corp,920.3,36.8,1350.6,810.4,520.3,360.2,85.4,-95.6,0.32,0.04,0.027,1.50,1.44,1.20,0.55,0.07,5.2,5
AI Ethics Solutions,150.2,-22.5,280.4,310.5,85.3,140.2,-10.5,-15.3,0.40,-0.150,-0.080,-9.15,0.61,0.45,0.10,-0.10,0.3,2
RenewableEnergy Group,2780.5,222.4,3920.8,1960.4,1580.3,720.5,380.2,-280.4,0.38,0.08,0.057,1.00,2.19,1.85,0.90,0.12,11.8,8
3DPrinting Innovations,410.3,61.5,620.4,186.1,340.2,80.3,90.5,-35.2,0.48,0.15,0.099,0.43,4.24,3.85,2.25,0.22,20.8,9
AgriTech Solutions,680.4,27.2,980.5,490.2,380.3,210.4,75.6,-65.3,0.30,0.04,0.028,1.00,1.81,1.50,0.70,0.07,6.5,6
NeuroTech Interfaces,180.5,-27.1,320.6,352.7,110.3,160.4,-15.2,-20.5,0.45,-0.150,-0.085,-9.31,0.69,0.55,0.15,-0.10,0.4,2
CleanWater Technologies,520.3,41.6,750.4,375.2,310.5,150.2,75.3,-45.6,0.38,0.08,0.055,1.00,2.07,1.75,0.85,0.12,9.5,7
SpaceMining Corp,80.2,-16.0,180.5,216.6,50.3,100.4,-8.5,-12.3,0.35,-0.200,-0.089,-5.95,0.50,0.35,0.06,-0.15,0.2,1
BionicProsthetics Inc,340.6,51.1,480.3,144.1,260.4,65.2,75.3,-30.2,0.50,0.15,0.106,0.43,3.99,3.60,2.10,0.22,21.5,9
SyntheticFood Tech,920.4,36.8,1380.6,828.4,520.3,360.2,85.4,-95.6,0.32,0.04,0.027,1.50,1.44,1.20,0.55,0.07,5.2,5
AugmentedReality Systems,580.2,87.0,820.4,246.1,420.3,105.2,130.5,-50.3,0.48,0.15,0.106,0.43,4.00,3.65,2.15,0.22,22.5,9
VerticalFarming Solutions,250.3,-37.5,380.6,418.7,140.2,190.3,-20.4,-25.6,0.30,-0.150,-0.099,-9.76,0.74,0.60,0.18,-0.10,0.3,2
HyperloopTransport Inc,1250.4,100.0,1880.6,940.3,720.5,380.2,185.3,-150.4,0.36,0.08,0.053,1.00,1.89,1.60,0.75,0.12,10.8,7
NuclearFusion Energy,80.3,-20.1,180.5,234.7,45.2,110.3,-12.4,-10.2,0.25,-0.250,-0.111,-4.32,0.41,0.30,0.05,-0.20,0.1,1
DroneDelivery Services,410.5,61.6,580.3,174.1,320.4,75.2,85.3,-30.4,0.48,0.15,0.106,0.43,4.26,3.90,2.35,0.22,20.6,9
SmartCity Infrastructure,2780.6,222.4,3920.8,1960.4,1580.3,720.5,380.2,-280.4,0.38,0.08,0.057,1.00,2.19,1.85,0.90,0.12,11.8,8
EcoMobility Solutions,625.8,43.7,920.5,368.2,415.6,147.3,87.9,-62.5,0.41,0.07,0.047,0.67,2.82,2.35,1.15,0.11,8.9,7
QuantumSensor Tech,195.3,39.1,310.6,77.6,180.4,38.8,55.2,-19.5,0.58,0.20,0.126,0.33,4.65,4.20,2.55,0.28,27.5,9
BioFuel Innovations,870.2,34.8,1280.4,768.2,480.5,320.1,78.3,-87.0,0.33,0.04,0.027,1.50,1.50,1.25,0.60,0.07,5.5,5
AI-Driven Healthcare,1420.7,113.6,1980.5,792.2,850.3,290.7,198.9,-127.8,0.44,0.08,0.057,0.67,2.92,2.45,1.20,0.13,10.2,8
RoboticsFarm Corp,380.4,19.0,520.6,260.3,230.2,115.1,50.7,-38.0,0.36,0.05,0.037,1.00,2.00,1.70,0.80,0.09,7.1,6
NanoMaterials Research,140.2,28.0,240.5,72.1,160.3,35.2,40.6,-16.8,0.56,0.20,0.117,0.43,4.55,4.15,2.50,0.29,29.5,9
SustainablePackaging Inc,720.5,28.8,1080.7,648.4,420.3,280.2,65.8,-72.0,0.31,0.04,0.027,1.50,1.50,1.25,0.55,0.07,5.4,5
VirtualEducation Systems,510.3,76.5,720.4,216.1,370.2,95.1,115.3,-45.9,0.49,0.15,0.106,0.43,3.89,3.55,2.10,0.22,21.8,9
GreenConstruction Tech,1680.2,134.4,2520.3,1260.1,980.4,520.1,235.2,-168.0,0.37,0.08,0.053,1.00,1.88,1.60,0.75,0.12,11.2,7
AutonomousVehicle Corp,2980.6,238.4,4170.8,2085.4,1680.3,770.2,417.3,-298.0,0.39,0.08,0.057,1.00,2.18,1.85,0.90,0.13,12.5,8